{
  "1" : [
    {
      "startDate": "2023-01-04T09:00",
      "endDate": "2023-01-04T09:45"
    },
    {
      "startDate": "2023-01-04T09:45",
      "endDate": "2023-01-04T10:30"
    },
    {
      "startDate": "2023-01-05T09:00",
      "endDate": "2023-01-05T09:45"
    }
  ],
  "2" : [
    {
      "startDate": "2023-02-07T09:00",
      "endDate": "2023-02-07T09:45"
    },
    {
      "startDate": "2023-02-10T09:45",
      "endDate": "2023-02-10T10:30"
    },
    {
      "startDate": "2023-02-11T09:00",
      "endDate": "2023-02-11T09:45"
    }
  ],
  "3" : [
    {
      "startDate": "2023-03-04T09:00",
      "endDate": "2023-03-04T09:45"
    },
    {
      "startDate": "2023-03-04T09:45",
      "endDate": "2023-03-04T10:30"
    },
    {
      "startDate": "2023-03-05T09:00",
      "endDate": "2023-03-05T09:45"
    }
  ],
  "4" : [
    {
      "startDate": "2023-04-07T09:00",
      "endDate": "2023-04-07T09:45"
    },
    {
      "startDate": "2023-04-08T09:45",
      "endDate": "2023-04-08T10:30"
    },
    {
      "startDate": "2023-04-09T09:00",
      "endDate": "2023-04-09T09:45"
    }
  ],
  "5" : [
    {
      "startDate": "2023-05-04T09:00",
      "endDate": "2023-05-04T09:45"
    },
    {
      "startDate": "2023-05-04T09:45",
      "endDate": "2023-05-04T10:30"
    },
    {
      "startDate": "2023-05-05T09:00",
      "endDate": "2023-05-05T09:45"
    }
  ],
  "6" : [
    {
      "startDate": "2023-06-06T09:00",
      "endDate": "2023-06-06T09:45"
    },
    {
      "startDate": "2023-06-06T09:45",
      "endDate": "2023-06-06T10:30"
    },
    {
      "startDate": "2023-06-14T09:00",
      "endDate": "2023-06-14T09:45"
    }
  ],
  "7" : [
    {
      "startDate": "2023-07-04T09:00",
      "endDate": "2023-07-04T09:45"
    },
    {
      "startDate": "2023-07-04T09:45",
      "endDate": "2023-07-04T10:30"
    },
    {
      "startDate": "2023-07-05T09:00",
      "endDate": "2023-07-05T09:45"
    }
  ],
  "8" : [
    {
      "startDate": "2023-08-23T09:00",
      "endDate": "2023-08-23T09:45"
    },
    {
      "startDate": "2023-08-23T09:45",
      "endDate": "2023-08-23T10:30"
    },
    {
      "startDate": "2023-08-24T09:00",
      "endDate": "2023-08-24T09:45"
    }
  ],
  "9" : [
    {
      "startDate": "2022-09-10T09:00",
      "endDate": "2022-09-10T09:45"
    },
    {
      "startDate": "2022-09-11T09:45",
      "endDate": "2022-09-11T10:30"
    },
    {
      "startDate": "2022-09-12T09:00",
      "endDate": "2022-09-12T09:45"
    }
  ],
  "10" : [
    {
      "startDate": "2022-10-04T09:00",
      "endDate": "2022-10-04T09:45"
    },
    {
      "startDate": "2022-10-04T09:45",
      "endDate": "2022-10-04T10:30"
    },
    {
      "startDate": "2022-10-05T09:00",
      "endDate": "2022-10-05T09:45"
    }
  ],
  "11" : [
    {
      "startDate": "2022-11-04T09:00",
      "endDate": "2022-11-04T09:45"
    },
    {
      "startDate": "2022-11-04T09:45",
      "endDate": "2022-11-04T10:30"
    },
    {
      "startDate": "2022-11-05T09:00",
      "endDate": "2022-11-05T09:45"
    }
  ],
  "12" : [
    {
      "startDate": "2022-12-07T09:00",
      "endDate": "2022-12-07T09:45"
    },
    {
      "startDate": "2022-12-07T09:45",
      "endDate": "2022-12-07T10:30"
    },
    {
      "startDate": "2022-12-08T09:00",
      "endDate": "2022-12-08T09:45"
    }
  ]
}
