{
  "tipi_tipologie": {
    "uo": {
      "name": "Unità organizzative",
      "value": "amministrazione"
    },
    "luogo": {
      "name": "Luoghi",
      "value": "luoghi"
    },
    "documento": {
      "name": "Documenti",
      "value": "documenti-e-dati"
    },
    "servizio": {
      "name": "Servizi",
      "value": "servizi"
    },
    "sito": {
      "name": "Siti tematici",
      "value": "siti-tematici"
    },
    "page": {
      "name": "Pagine",
      "value": "page"
    }
  }
}
